Nombre;Semestre;Edad;Fecha
DANIEL_CRISTO MUSSETTO;2;57;2024-05-27
NELSON_GUSTAVO RENDON;1;19;2024-05-27
HADEMOU BUTOF;2;16;2024-05-27
HORACIO_ENRIQUE DELGADO;9;33;2024-05-27
NAIARA MONTEQUINO;8;40;2024-05-27
MICHAEL_COLIN ZOLKWER;3;21;2024-05-27
STEFKA GIACHELLO;5;21;2024-05-27
MARYORI RASPA;6;24;2024-05-27
RICARDO_DAVID MEDI;5;23;2024-05-27
JINSONG SANDALICHE;2;24;2024-05-27
ALEXANDRU_BOGDAN MEITIN;1;24;2024-05-27
LU MALAINA;1;32;2024-05-27
ANASTACIO GELLER;5;27;2024-05-27
PHILIP_DAVID THEILER;5;19;2024-05-27
SERGIO_ENRIQUE YACANTE;4;22;2024-05-27
MARIA_HELGA DE_CARLO;1;23;2024-05-27
INMACULADA_MERCEDES HUGHES;2;23;2024-05-27
JAIME_SEBASTIAN DANIELUK;8;26;2024-05-27
SALOUM BALETA;6;23;2024-05-27
BRENDA_LIZETH TELECHEA;3;34;2024-05-27
SHABBIR PI침EYRO;3;16;2024-05-27
HUMILDE LE_MOGLIE;4;23;2024-05-27
IRENE_MARY FLAMINI;3;45;2024-05-27
MIRON JUNCOS;4;20;2024-05-27
MALIA GINESTAR;2;21;2024-05-27
MARIA_TERESA_JESUS COCHACHE;2;32;2024-05-27
ABOUDOU HUAIQUIL;1;18;2024-05-27
NASRALLAH REYNOLDS;3;20;2024-05-27
MARITZA_ROSARIO LORINCZ;10;65;2024-05-27
ALAN_PAUL SINDERMAN;1;35;2024-05-27
VICTORIA_NIEVES KOLESNICK;1;30;2024-05-27
ANA_TULIA VANZETTO;2;76;2024-05-27
ERICK_ANDRES VERGANI;1;17;2024-05-27
IULIAN_CONSTANTIN PLAINO;6;82;2024-05-27
ARGIMIRA ROSSLER;6;28;2024-05-27
JHONATTAN MERLAN;2;20;2024-05-27
FEDIR PICCOLO;8;20;2024-05-27
MANUEL_LUIS TEDESCO;6;24;2024-05-27
ANNA_DOROTA BALETKA;1;24;2024-05-27
FRANCISCA_ANTONIA BUCHETTE;3;22;2024-05-27
YANNA SMULEVICH;6;23;2024-05-27
SILVIA_REBECA ALMIRALL;3;21;2024-05-27
ANA_ADRIANA BERMUDES;3;24;2024-05-27
NIL MAGISTRELLI;5;18;2024-05-27
NOSA DEL_VALLE;2;34;2024-05-27
IAN_STUART URBINA;6;20;2024-05-27
CARLOS DEL_CASTELLO;8;19;2024-05-27
JESSICA_ANDREA LA_ROSSA;5;34;2024-05-27
CONCEPCIO BERCELLI;4;25;2024-05-27
RAVECA MININI;9;31;2024-05-27
LISELOTTE REGARETA;9;25;2024-05-27
KAREL KALEK;1;20;2024-05-27
ILJA SIMONOVICH;3;16;2024-05-27
JINJUAN RAMIS;6;33;2024-05-27
ANTONIO_FABIAN MELIDONI;8;28;2024-05-27
KARL_WILHELM CAMON;4;66;2024-05-27
NIMA PIZZA;5;35;2024-05-27
JOSE_CARMEN NAIVIRT;4;25;2024-05-27
EVELIN BALBIS;5;76;2024-05-27
MASSOUD WEREMCZUK;7;38;2024-05-27
ACOIDAN_JESUS RINALDI;8;27;2024-05-27
ADRIANA_CARMEN BIQUE;7;30;2024-05-27
YUMING NATALIO;2;31;2024-05-27
BRUNELLA ALOISIO;5;19;2024-05-27
RAFAEL_ISAAC COSIMATO;7;16;2024-05-27
SIDNEI SZRIBER;6;20;2024-05-27
INMACULADA_BEATRIZ MENNA;1;79;2024-05-27
SABINO_JOSE PINAYA;3;71;2024-05-27
I헬GO_JUAN SPINOLLO;3;29;2024-05-27
JORGE_ALEX ARAY;4;18;2024-05-27
LLOYD PETRIS;2;22;2024-05-27
ZUHAITZ SAENZ;6;17;2024-05-27
SOFIA_CAROLINA NASSEL;1;19;2024-05-27
MARINA_ESPERANZA PANCIA;1;20;2024-05-27
VIOREL_DANIEL FINOCCHIO;3;37;2024-05-27
DUMITRU_CRISTIAN NOGUEROL;6;16;2024-05-27
VICKY VILLALONGA;8;20;2024-05-27
KIMBERLY_MARIA CUESTA;9;20;2024-05-27
YUJIE BORGETTI;4;73;2024-05-27
ABUBACAR BARO;2;23;2024-05-27
ANQI CAMPERCHIOLI;3;30;2024-05-27
TOMAS_GREGORIO GARCES;10;21;2024-05-27
MIGUEL_MOISES SERQUEIRA;10;21;2024-05-27
JORGE_LAZARO BONISCONTI;6;20;2024-05-27
GENARO_ANTONIO CHASCO;4;32;2024-05-27
ALMERINDA LOPORASSI;10;33;2024-05-27
MERY PORROZ;3;64;2024-05-27
TERESA_M BORGIA;2;26;2024-05-27
VIOLETA_CRISTINA SUCA;6;59;2024-05-27
DOLORES_LAURA JACHATA;1;18;2024-05-27
DAVID_ROGER BODEGUE;5;21;2024-05-27
YAMIRA BESSONE;5;30;2024-05-27
INES_TERESA PATRICIO;1;19;2024-05-27
YAHDIH FRAGAPANE;1;28;2024-05-27
ION_DANUT MILIC;4;28;2024-05-27
SISINIA GRU침EIRO;2;16;2024-05-27
CARMEN_TERESA WARCZEWIUK;7;17;2024-05-27
BENNACEUR ANCARANI;1;28;2024-05-27
ISIDRO_FERNANDO VERGARA;6;21;2024-05-27
TERESA_LOURDES ZAFATE;4;40;2024-05-27
ESTHER_IRENE SOLIER;4;62;2024-05-27
GLORIA_ESTRELLA KOZUB;3;30;2024-05-27
RENE_ARTURO NATOLI;2;34;2024-05-27
SHAKIR VILLIANI;1;25;2024-05-27
PEDRO_PATRICIO ORIVE;1;28;2024-05-27
MARIO_NICOLAS CAIONI;9;39;2024-05-27
ANASSE NEYRO;8;21;2024-05-27
JORGE_OSWALDO FLAMINI;4;22;2024-05-27
GEMA_LUZ PULERI;7;64;2024-05-27
RUI_FILIPE ALQUINTA;3;74;2024-05-27
VADIMS ARIZA;4;24;2024-05-27
TURID NAVAJAS;7;22;2024-05-27
GYORGY VAEZ;10;16;2024-05-27
YOBANY SERPEZ;3;21;2024-05-27
PALWINDER FALCA;2;22;2024-05-27
WENDY_PAOLA HUYUQUIPA;2;39;2024-05-27
JENNY_LORENA JOACHIM;1;18;2024-05-27
VASILE_ANDREI ESTRUCH;9;73;2024-05-27
CONSTANTIN_MIHAI NOCHITTA;8;31;2024-05-27
MIHAI_ALEXANDRU ARRUE;3;23;2024-05-27
FATIMA_ZOHRA VENEZIANO;2;21;2024-05-27
PETER_RICHARD MEDINA;10;34;2024-05-27
YONGMIN PONDI;4;27;2024-05-27
JONATHAN ENTIO;4;23;2024-05-27
DARIO_GABRIEL CHUCHI;6;19;2024-05-27
MIREN_AINHOA SARCONA;1;17;2024-05-27
ELADIA_MARIA REINA;6;19;2024-05-27
FRANCISCA_LUZ PERAZ;8;16;2024-05-27
COLIN DEL_HUERTO;2;40;2024-05-27
FERNANDO_JAIME GHIORZO;2;23;2024-05-27
MARIA_KATHERINE PEMA;3;19;2024-05-27
VASYLYNA ZAFFARONI;1;21;2024-05-27
BARBARA_ALICIA OSSA;2;28;2024-05-27
MOUAAD NACIF;3;23;2024-05-27
WENYUAN NAZARENO;2;31;2024-05-27
WILLIAM_ROBERT VICTORIO;3;21;2024-05-27
CLAUDIA_ARACELI LASTRA;1;24;2024-05-27
RAISA_MARIA KLOVERDANZ;6;23;2024-05-27
ALEJANDRO_GUSTAVO POLDRUGACH;9;20;2024-05-27
ANDREI_CRISTIAN VALLARINO;6;34;2024-05-27
CAMELIA_IOANA BUSILLI;1;30;2024-05-27
MAURICIO_FABIAN FRASSETTI;2;27;2024-05-27
LEANA MIROTTI;2;84;2024-05-27
CONCEPCION_JOSEFA ESANDI;7;37;2024-05-27
ADRIAN_EMILIO RANIERI;6;26;2024-05-27
JUAN_REMIGIO CURTO;1;24;2024-05-27
ANGELES_DOLORES PARRAGA;6;24;2024-05-27
WALTER_JAVIER FAURE;7;36;2024-05-27
INDHIRA CUADRI;4;20;2024-05-27
ZINAIDA ASIAR;7;37;2024-05-27
ERMINIO PEREYRA;6;24;2024-05-27
MOMNA PENROZ;4;23;2024-05-27
CARMEN_OLIVA CORGNIATI;9;20;2024-05-27
CARLOS_ALONSO CARDOZO;6;26;2024-05-27
VITORIO RIZZO;9;31;2024-05-27
NOEL_ALEJANDRO ASCHIERO;1;23;2024-05-27
MAREK AVALO;3;24;2024-05-27
GERARDO_DAMIAN LIMONT;9;67;2024-05-27
WILHELMINA_JOHANNA DINIZ;2;32;2024-05-27
ANA_TRINIDAD LOBOS;7;24;2024-05-27
RONY SENTENO;6;67;2024-05-27
FLORENTINA_CARMEN CHARILLO;10;68;2024-05-27
LAHCEN PEPPO;9;17;2024-05-27
MARIA_ISOLINA MIOLETTO;9;22;2024-05-27
YESSICA_ALEXANDRA FRITZ;6;23;2024-05-27
JON_XABIER PANIGONI;6;72;2024-05-27
ANZHELA VALDEBENITEZ;4;24;2024-05-27
NELL RENDA;4;21;2024-05-27
NURIA_YOLANDA CASAREGOLA;2;16;2024-05-27
NEREIDA APPIO;7;20;2024-05-27
CESAR_LUIS BRULLO;7;27;2024-05-27
ANDRES_ANGEL VISSANI;3;32;2024-05-27
BINGEN TIGLIO;6;36;2024-05-27
CAROLINA_ALTAGRACIA PLATA;6;23;2024-05-27
DJIME BUZZELLI;7;22;2024-05-27
MUHAMED SEJAS;6;30;2024-05-27
VICENTE_PABLO MENDOLA;3;21;2024-05-27
RAYANE BUGATTO;1;24;2024-05-27
LUIS_OLMEDO TODERO;4;40;2024-05-27
ALEXANDER_THOMAS VELLIO;8;17;2024-05-27
ANTONIO_ISAIAS LINERAS;6;60;2024-05-27
VICENTE_CARMELO MAQUEIRA;10;23;2024-05-27
JON_MIRENA CHAYA;7;21;2024-05-27
JAY CRENNA;5;30;2024-05-27
ARCENIA FUREGA;6;45;2024-05-27
GERMAN_DANIEL TORTELLO;4;21;2024-05-27
ELIXANE PA침ILEF;1;38;2024-05-27
YANN CASABURRO;1;47;2024-05-27
MICHAEL_GEORGE CARENTE;4;39;2024-05-27
MARIUS_DUMITRU MINGRINO;1;21;2024-05-27
DINAH NOE;3;19;2024-05-27
LEIRE_MARIA ABRAHAM;2;21;2024-05-27
PEDRO_DARIO ROMANDINI;1;35;2024-05-27
ADELFINA MONTIEL;2;70;2024-05-27
SANTIAGO_EZEQUIEL GATTI;1;25;2024-05-27
ALVARO_EMILIO CARUSILLO;1;29;2024-05-27
CLAUDIA_EDITH BALADO;9;29;2024-05-27
ROSA_ANGELA SAMBRANA;6;17;2024-05-27
NINA FONT;7;31;2024-05-27
MARIA_LIZETH PASCUALE;7;30;2024-05-27
MARINA_PILAR GAITAN;6;18;2024-05-27
JIAJING ZURAKOUSKI;1;24;2024-05-27
ALICIA_BEATRIZ TOMBA;4;24;2024-05-27
PABLO_GUSTAVO ALETTI;3;18;2024-05-27
DIEGO_RAUL LEG칲E;4;32;2024-05-27
JOSEFINA VILLAMARIN;5;19;2024-05-27
PURIFICACION_MARIA MAJSUN;3;28;2024-05-27
ARJUN BOURGEOIS;5;23;2024-05-27
LUQMAN CLUSELLAS;1;22;2024-05-27
ALEJANDRA_PINO DARUNI;2;17;2024-05-27
JOAN_LUIS SISI;9;27;2024-05-27
ANDRES CARTOCCIO;1;24;2024-05-27
ISIDORA LESPIAULT;1;25;2024-05-27
ARAYIK PRADOS;4;29;2024-05-27
ANNA_LIISA ILLOBRE;6;16;2024-05-27
JULIAN_ADOLFO PERINEE;5;23;2024-05-27
OTO DELMAZZO;1;17;2024-05-27
AHITANA VERZELLA;10;16;2024-05-27
ISABEL_JESUS GALISTEO;4;16;2024-05-27
MARIA_ERKUDEN KLESERMAN;5;29;2024-05-27
ALBERTO_LUCAS ELEMBERG;4;30;2024-05-27
OANA_CATALINA INOSTROZA;5;25;2024-05-27
VALENTIN_IOAN GILLA;9;32;2024-05-27
DIEGO_PABLO OZORIO;8;16;2024-05-27
DAYANA_MARIA SOTO;6;34;2024-05-27
MARIA_DELICIAS MENARES;4;28;2024-05-27
EVA_ROCIO VALLEJOS;1;32;2024-05-27
CAROLYN_ANNE QUISPE;8;22;2024-05-27
DELFIM RUBATTINO;8;25;2024-05-27
ALEJANDRA_VALERIA ROMANENGHI;6;37;2024-05-27
JOHN_VICTOR PUBLIANO;4;22;2024-05-27
FABIOLA_ANDREA STEINER;10;38;2024-05-27
MARIA_AGUAS PIROVANO;3;35;2024-05-27
MARIA_INMACULADA HEIZENREDER;8;35;2024-05-27
MANUELA_PILAR ZIMMINO;6;67;2024-05-27
JORGE_RAMON ARIGANELLO;5;35;2024-05-27
BENYAMIN LADJET;2;61;2024-05-27
ELBACHIR ALBES;2;36;2024-05-27
ALI_RAZA TUZZI;5;18;2024-05-27
CAIO PE침A;2;30;2024-05-27
JUNIA TARRILLO;3;19;2024-05-27
ARLENA BOITIER;3;17;2024-05-27
THAIS ZANNINO;2;77;2024-05-27
TIMOTEA VIEL;8;33;2024-05-27
ISIDORA_CARMEN COLDWELL;10;80;2024-05-27
KENAI SACOMANO;2;29;2024-05-27
YULIAN CALLEA;2;35;2024-05-27
MARTHA_ALEXANDRA CADEI;4;26;2024-05-27
RYSZARD DINATOLO;10;24;2024-05-27
ISUSKO TORCIVIA;2;18;2024-05-27
DIEGO_ANDRE ANZIL;3;28;2024-05-27
ANA_EULALIA FAUAZ;4;23;2024-05-27
FADHILA LAFLOR;2;33;2024-05-27
MARIA_EUSEBIA DILL;10;19;2024-05-27
LISARDA CATANEA;6;19;2024-05-27
CARLOS_FEDERICO ROSA;1;16;2024-05-27
ARTURO_ANGEL PORRAS;1;17;2024-05-27
JUAN_DIMAS PINTO;2;22;2024-05-27
MOHAMED_NAJIB GLUGE;10;25;2024-05-27
FERNANDO_CRISTIAN RUILOBA;5;35;2024-05-27
LILIANA_MONICA MEDICO;4;21;2024-05-27
IRENE_DOLORES MASANTE;6;23;2024-05-27
SAIHOU GOTTERO;1;19;2024-05-27
CRHISTIAN PLENKOVICH;6;33;2024-05-27
ANESIO AGUILO;4;19;2024-05-27
MANUEL_RUBEN CRISPIN;2;38;2024-05-27
HABANA PILOTTO;10;18;2024-05-27
LUIS_JORGE BIASIZZO;2;22;2024-05-27
SUSAN_CATHERINE TITTARELLI;3;17;2024-05-27
MARIA_CINTIA ECHEVARRIETA;2;31;2024-05-27
EDELWEIS ZAMARRE침O;5;20;2024-05-27
JAAFAR VAN;6;39;2024-05-27
FLORENTINA_LOREDANA AGUACHE;8;33;2024-05-27
SANTIAGO_VICTOR CEFERINO;8;33;2024-05-27
FOUZI WAINBERGER;3;16;2024-05-27
SAPNA DITHURBIDE;3;40;2024-05-27
ABDERAZZAK BARBERA;4;21;2024-05-27
HECTOR_OSCAR CASTA침INO;3;48;2024-05-27
ELISA_ANTONIA SIAIRA;8;25;2024-05-27
TATEVIK MASTRAZZI;1;21;2024-05-27
MIREN_AINTZANE TEMES;8;19;2024-05-27
ASIFA KANOVA;9;27;2024-05-27
ROBERTO_ANDREI CAMPAS;9;28;2024-05-27
MARIA_YURENA VIACAVA;3;25;2024-05-27
YAKUBA AYALA;10;83;2024-05-27
CRISTINA_ALICIA ZAPPA;3;24;2024-05-27
ADRIAN_ION BOLDORINI;1;36;2024-05-27
CLARA_ESTELA SEVES;5;22;2024-05-27
PILAR_LAURA KUPERMAN;8;79;2024-05-27
MARIE_ANTOINETTE MAYARES;1;17;2024-05-27
TEHMINE RIVAMONTAN;10;31;2024-05-27
IVAN_EDUARDO GUINARD;6;58;2024-05-27
SIMION BLANCH;1;32;2024-05-27
GEORGI_NIKOLAEV GERMANA;2;27;2024-05-27
LAURA_ELVIRA CONCHI;4;23;2024-05-27
BIENVENIDO_JESUS GROSSE;7;35;2024-05-27
ALBERTO_ISMAEL WAYAR;5;33;2024-05-27
VITALIJUS RECAMAN;3;53;2024-05-27
EDISON_OSWALDO COLL;6;40;2024-05-27
RICHARD_JOSEPH QUISPECAHUANA;7;16;2024-05-27
CARLA_MARIE FRACINELLI;3;22;2024-05-27
SENDA BERT;8;17;2024-05-27
TEODULO REDI;6;29;2024-05-27
ENRIQUE_ALEJANDRO TORRILLAS;2;18;2024-05-27
YASEL RAVIDA;2;25;2024-05-27
PASCUAL_ENRIQUE BETANCURT;5;45;2024-05-27
ANA_MIRIAN MONTALDO;7;22;2024-05-27
SANTIAGO_ALEJANDRO LLEBEILI;9;39;2024-05-27
LIHONG BASKIEVISCH;4;25;2024-05-27
BLANCA_GEMMA PRADOS;4;39;2024-05-27
ELENE FITZ;6;23;2024-05-27
SONIA_ESPERANZA LA_VALLA;3;21;2024-05-27
ELIAS_JESUS MAZZONE;6;22;2024-05-27
LUIS_ALEXIS LAZZARI;6;72;2024-05-27
UMBERTO AZAR;7;31;2024-05-27
FERRIOL SAN_MARTIN;3;35;2024-05-27
MARGARITA_ELVIRA VILA;7;24;2024-05-27
RENATA_BARBARA DORNACO;8;18;2024-05-27
MOHAMED_AIMAN MADEIRA;1;28;2024-05-27
MATIAS POPIK;7;33;2024-05-27
MARIA_TERESA_DOLORES ALTOBELLO;10;65;2024-05-27
KENZO SINOPOLI;10;37;2024-05-27
CARLOS_ANSELMO ROUSSO;7;31;2024-05-27
LORENA_INMACULADA BARROS;6;33;2024-05-27
ORENTINA TULIS;10;24;2024-05-27
ELIZABETH_BEATRIZ MACELLARO;10;24;2024-05-27
LLUIS_FERRAN ANIBAL;6;40;2024-05-27
YING_YING ARDILES;6;28;2024-05-27
ISABEL_MAGDALENA URSINI;2;24;2024-05-27
REMUS_GABRIEL DE_ORMAECHEA;5;66;2024-05-27
MARIA_PREDESTINACION FUCHILA;6;17;2024-05-27
LUQMAN GHIA;3;33;2024-05-27
JANETA MATORRAS;6;27;2024-05-27
CARLA_SUSANA SMIGUEL;9;26;2024-05-27
IKER_JOSE STRAW;1;19;2024-05-27
JUSTO_GERMAN MOSCHENI;9;22;2024-05-27
PRIMO TORRUSIO;8;21;2024-05-27
MONSERRATE TERRADAS;6;35;2024-05-27
MADLENA METINI;4;41;2024-05-27
HERMELANDO GARABAL;3;23;2024-05-27
SALVADOR_RAMON SENGER;9;19;2024-05-27
FRANCISCO_FULGENCIO ACERO;2;23;2024-05-27
EDUARDO_GONZALO VERBERCK;10;24;2024-05-27
DAN_MARIAN SORRIBAS;3;44;2024-05-27
MARIA_MELVA ALAJARIN;2;20;2024-05-27
CLARA_MAR ILARI;7;17;2024-05-27
LIBERTA PFLUGER;4;22;2024-05-27
PLAMEN_GEORGIEV GUIDOBONO;10;34;2024-05-27
JOHN_MANUEL MITELBERG;4;24;2024-05-27
MAYRA_CRISTINA PI침EL;5;63;2024-05-27
ANTHONY_FERNANDO ONEGA;3;33;2024-05-27
ELARBI ORFALI;2;33;2024-05-27
BARAA SANGIL;10;31;2024-05-27
IVONNE_ROCIO ACIS;7;23;2024-05-27
MARCIO_JOSE TURKO;8;79;2024-05-27
HILARIO_FRANCISCO GALVALISI;6;53;2024-05-27
SONIA_ANGELES MARMOLEJO;7;20;2024-05-27
SANTOS_ALBERTO CIONNA;1;21;2024-05-27
MARIA_ILDA ZAMBON;2;17;2024-05-27
SIBYLLE CODA;7;31;2024-05-27
ZHAIRA RIELLA;5;22;2024-05-27
REMEDIOS_MARIA WILHELM;3;37;2024-05-27
SHASHA TAYAR;6;21;2024-05-27
KWABENA LOZADA;10;21;2024-05-27
GUOXING PAOLINI;2;19;2024-05-27
ONINTZE DE_LA_TORRE;3;19;2024-05-27
JOSE_FABRICIO DI_RITO;1;23;2024-05-27
JAVIER_DAVID MATTEA;7;26;2024-05-27
CARMELO_JOSE PESARO;5;28;2024-05-27
MARIA_FARNERS CHEVOIEVSKY;4;29;2024-05-27
RUI_ALEXANDRE NAJARRO;7;31;2024-05-27
ZHIJUN MASCARENHAS;1;33;2024-05-27
JIMENA_ALEJANDRA GALLINO;8;33;2024-05-27
ARLET IMAN;7;22;2024-05-27
ASSAD WEGRZYN;3;36;2024-05-27
MARTIN_ROBERTO MARGHERITA;2;34;2024-05-27
BOZHIDARA ZILLI;9;23;2024-05-27
JUAN_MAXIMILIANO NACHT;5;22;2024-05-27
CARMEN_AURORA CAPOSSIO;10;21;2024-05-27
ARTURO_ENRIQUE ROMPANI;4;18;2024-05-27
ANDRES_FERMIN CARMONA;9;33;2024-05-27
ALEJANDRO_CRISTIAN IAQUINTA;1;42;2024-05-27
FELIPE_ALBERTO AUGUSTO;4;28;2024-05-27
ALEKS ABASCAL;3;27;2024-05-27
DAVID_ERNESTO ARECHE;1;29;2024-05-27
PETRANKA BROGUET;8;19;2024-05-27
ZHIGUANG AMADOR;3;24;2024-05-27
JACOBA ANFUSO;8;43;2024-05-27
JOSE_FULGENCIO VIGNOLO;6;19;2024-05-27
YESICA_PAOLA JELENIC;8;17;2024-05-27
ANDREEA_VIOLETA YAMETI;3;18;2024-05-27
JAVIER_DOMINGO SILVERIO;5;26;2024-05-27
LIUBA VILLAPAREDES;7;22;2024-05-27
SABINE ROSTAN;7;37;2024-05-27
NOURDINE ANTINOPAY;1;26;2024-05-27
POLYANA PARIETTI;4;28;2024-05-27
ARMINDA_CARMEN RIVAS;5;22;2024-05-27
DANIELA_VICTORIA MEDEL;9;23;2024-05-27
PATRICIA_LAURA PIETROPAOLI;4;27;2024-05-27
NOURDIN CISERA;1;19;2024-05-27
JIAYI CIARLETTA;2;27;2024-05-27
SHUJUAN FARRERAS;2;17;2024-05-27
MAISA AREDES;9;26;2024-05-27
NICANORA WEHT;6;40;2024-05-27
DANIELA_MADALINA FALCIONI;1;25;2024-05-27
ANTHONY_ALEXANDER DE_ROSA;5;84;2024-05-27
MARIA_ROCA VELAZQUEZ;6;79;2024-05-27
HADDUCH HONIATKO;2;18;2024-05-27
IULIAN_ILIE GASPARDIS;7;33;2024-05-27
ELENA_ADELINA MEDEIRO;9;37;2024-05-27
PATRICIA_BEATRIZ COFMAN;3;28;2024-05-27
MONICA_LORENA MIRABELLA;1;20;2024-05-27
TINO VALVERDI;7;29;2024-05-27
MARIANA_VIOLETA BRUA;1;19;2024-05-27
CESAR_MARIANO VEBER;8;40;2024-05-27
PETRU_MIHAI VIUDEZ;6;23;2024-05-27
MARIA_AINOA DELPIERO;5;36;2024-05-27
YUXIANG TRENTINO;8;40;2024-05-27
ANDREA_CELESTE BITTNER;7;24;2024-05-27
MARIA_AZUL BURELA;5;17;2024-05-27
GRAZINA ORTMAN;1;21;2024-05-27
IOKIN MI침ANA;4;31;2024-05-27
ORENTINA DE_TROCCHI;1;20;2024-05-27
ROSA_NELIDA KEIB;7;58;2024-05-27
IGNACIO_ALFREDO SCHIUMA;2;28;2024-05-27
NICOLETA_AURELIA JURCZUK;8;38;2024-05-27
FLORIN_CALIN REQUEJO;4;27;2024-05-27
EVA_NURIA MARCHET;10;36;2024-05-27
VICENTA_MILAGROS JUAYEK;6;26;2024-05-27
ALINA_CORINA VIA침A;1;26;2024-05-27
PATRICIA_CATALINA PERRA;7;18;2024-05-27
KAREN_ALEXANDRA MASSANET;5;29;2024-05-27
FAUSTINO_JOSE POMPA;7;31;2024-05-27
JUAN_OSWALDO KRONIG;4;22;2024-05-27
TERESA_CARMEN FLEITA;9;20;2024-05-27
ROBERTO_PATRICIO CAMPOYA;1;21;2024-05-27
MERIAM PAVONI;8;28;2024-05-27
ROBERTO_ANIBAL ALEMANY;1;25;2024-05-27
FERNANDO_ALEJANDRO GUERETA;1;21;2024-05-27
DANUT PLOTE;1;23;2024-05-27
JIANREN QUINTANILLA;1;18;2024-05-27
RUBIN LIBARES;9;26;2024-05-27
ABDESSLAM PREVITERA;4;82;2024-05-27
PATRICIA_MARIE TAIBO;2;31;2024-05-27
ABEL_DANIEL CALANNI;10;34;2024-05-27
ANA_SHEILA RUYBAL;9;39;2024-05-27
RODRIGO_JOSE DIGIOVANNI;9;22;2024-05-27
IOANA_ROXANA DE_LORENZI;5;17;2024-05-27
NEISY KRAYEM;8;26;2024-05-27
WIESLAW PESCI;5;74;2024-05-27
RAFAEL_MANUEL SUPARO;2;20;2024-05-27
RODRIGO_RAFAEL REGIS;8;23;2024-05-27
ABDELATIF POLLAROLI;8;24;2024-05-27
ATMAN VACCARILI;10;51;2024-05-27
GUILLERMO_ANGEL DA_GRACA;1;22;2024-05-27
RIYA SCHANDER;6;24;2024-05-27
VALERIO_JOSE TURELLO;6;17;2024-05-27
GABRIEL_FERNANDO TOMBOLATO;2;37;2024-05-27
GABRIELA_MADALINA FLO;6;20;2024-05-27
CAMILA_ANDREA SOLTYS;8;32;2024-05-27
MONICA_CONCEPCION TIRIGALL;1;23;2024-05-27
ITZEL CORTASSA;9;63;2024-05-27
SAHIB YAZBEK;2;18;2024-05-27
KENIA SAPAIA;10;18;2024-05-27
VICTOR_ARIEL MOTTO;1;40;2024-05-27
INESSA LUBRIZ;1;29;2024-05-27
STEFAN_IULIAN CHANCAY;1;78;2024-05-27
ISHTAR COTRINA;2;75;2024-05-27
KENNETH_CHARLES CAMPOLI;2;18;2024-05-27
XUEWEI VISICH;1;40;2024-05-27
NORICA APUT;1;19;2024-05-27
TEBA LANZAROTTI;4;19;2024-05-27
SORAYDA CABADAS;3;38;2024-05-27
JHON_HAROLD ZAMORANO;2;50;2024-05-27
NADJAT COPAT;4;22;2024-05-27
NIGHAT VECCHI;2;59;2024-05-27
ARMINDO RAVERTA;7;18;2024-05-27
ANET SELZER;5;20;2024-05-27
ANCIZAR ARABENA;9;32;2024-05-27
EDUARDO_ISIDRO QUILLE;1;25;2024-05-27
GAVINO ANSARAS;10;24;2024-05-27
CARLOS_EDMUNDO BELTRAMELLI;6;19;2024-05-27
OLIVIA_CARMEN DE_LA_FUENTE;1;22;2024-05-27
DOLORES_NATIVIDAD TORMES;8;76;2024-05-27
RAJA_MUHAMMAD MONAGAS;1;39;2024-05-27
ANA_NURIA DE_GIOVANNI;10;21;2024-05-27
DANIEL_ENRIQUE DEL_PICCOLO;10;83;2024-05-27
LADJI CHAMORRO;3;19;2024-05-27
ALEXANDRU_GEORGIAN CIMINIERI;8;16;2024-05-27
NAPOLEON PROCHETTO;7;32;2024-05-27
MARIANA_LAURA CACCAVO;1;69;2024-05-27
NANCY_PIEDAD ARIGOS;5;16;2024-05-27
ESTHER_MARGARITA KIONA;3;21;2024-05-27
PERE_MIQUEL TOURNOUR;2;26;2024-05-27
MARIA_SONSOLES FRANGI;9;36;2024-05-27
RAUL_ORLANDO FELICIANI;2;37;2024-05-27
HONORINDA GERBATIN;4;31;2024-05-27
CARLOS_ANGEL BUIGUES;6;40;2024-05-27
VENCISLAV BRODOLONI;4;29;2024-05-27
CRISTO_JOSE BATTOIA;7;22;2024-05-27
WENDY_ALEXANDRA VALUSEK;1;16;2024-05-27
VALENTINA_ELENA ALIZERI;8;18;2024-05-27
DAVID_PHILIP CANE;4;26;2024-05-27
ALVARO_IGNACIO YARUPANDI;7;25;2024-05-27
ALEJANDRO_ADOLFO NEMOZ;5;29;2024-05-27
JOSE_AMADEO RAMPONE;2;17;2024-05-27
FLORIN_MARIN ZANNI;4;19;2024-05-27
WILMER_ALBERTO MORFU;1;24;2024-05-27
RITA_CASSIA WOHR;4;78;2024-05-27
ALDO SERNAQUE;5;20;2024-05-27
MARIA_SOCORRO OLMAS;7;16;2024-05-27
SOLEDAD_ROSARIO BALA침A;7;80;2024-05-27
LUCIA_ROSA VEGA;8;32;2024-05-27
RAMONA_ISABEL BRASILE;6;52;2024-05-27
ALBERTO_RAMON BE침EZ;9;27;2024-05-27
GLADYS SENELATTI;6;19;2024-05-27
MATILDE_ENCARNACION DEL_ALAMO;1;52;2024-05-27
DIETMAR GALZENATI;4;19;2024-05-27
MICHELLE DIMARO;9;20;2024-05-27
JEAN_ROBERT MANDALUNIS;1;33;2024-05-27
IONICA RABBE;4;36;2024-05-27
SALVADOR_ANGEL OURAL;4;74;2024-05-27
CANDELARIA FACCIOLO;1;26;2024-05-27
MARIBEL_ROCIO MANENNTI;2;16;2024-05-27
MARIA_BLASA VELLAND;3;26;2024-05-27
MONIQUE QUIRO;4;36;2024-05-27
GHOFRANE FARRO;1;17;2024-05-27
ALEXANDRU_NICOLAE FORNARI;3;22;2024-05-27
CARLA_VALERIA MERCURI;4;17;2024-05-27
ALFREDO_ALEJANDRO LEYTON;4;18;2024-05-27
LETICIA_VICTORIA URRUTIA;6;37;2024-05-27
FELISA_MARGARITA PENSA;3;74;2024-05-27
DIOLINDA VALETTI;3;21;2024-05-27
QI PAILACURA;1;17;2024-05-27
ANDERSON_DANIEL PARAUT;10;20;2024-05-27
DAVID_MARCELO SCILLETTA;3;45;2024-05-27
DARLIN OLEARO;3;17;2024-05-27
RAUL_MARIO YAPURA;9;54;2024-05-27
ALEX_VINICIO BERNAL;7;20;2024-05-27
DIDINA BLOISE;2;82;2024-05-27
GUSTAVO_MARCELO MUNGIELLO;6;28;2024-05-27
SUNITA GOROBES;3;30;2024-05-27
NICOLAS_GUILLERMO BARRIOLA;6;22;2024-05-27
ANGELA_CRISTINA LOZANO;6;26;2024-05-27
ADRIANA_ELENA BACCIFAVA;5;19;2024-05-27
ELISABETH_ANN MERELE;5;27;2024-05-27
NOUREDINE MARINOVIC;1;40;2024-05-27
JAOUHARA ADAUTO;6;21;2024-05-27
PAOLA_MARCELA SANTORUFO;9;32;2024-05-27
MARIA_TEODORA LAPOLA;9;37;2024-05-27
WILMER_PATRICIO LITTER;3;17;2024-05-27
NIEVES_DOLORES OVALLES;6;38;2024-05-27
YUKIKO BOUSQUET;4;19;2024-05-27
HOUDAIFA TABBACH;8;31;2024-05-27
LAURENCE GUGLIERI;9;30;2024-05-27
RELU MATEU;1;25;2024-05-27
LIJUN GARDIOL;7;27;2024-05-27
JOHAN_ALEXANDER HILLAR;6;22;2024-05-27
DIANE_MARY SEOANE;7;21;2024-05-27
CRISTINA_DANIELA HUEPPE;6;24;2024-05-27
FERNANDO_EMILIO ROSOLINO;5;31;2024-05-27
MISLEIDY ILNICKI;4;29;2024-05-27
MIGUEL_ESTEBAN BORNI;6;18;2024-05-27
OSCAR_SAMUEL YANARICO;9;24;2024-05-27
GARAZI MARIN;2;18;2024-05-27
GALATEA KIERDA;7;16;2024-05-27
CYNTHIA_CARMEN ACCAPUTO;7;21;2024-05-27
PLAMEN_GEORGIEV MATTE;3;25;2024-05-27
EBRIMA FUCKS;2;73;2024-05-27
RAMON_ALFONSO SAFFI;2;19;2024-05-27
GRAZYNA BOCEK;5;26;2024-05-27
BRUNO_MIGUEL YAPURA;3;23;2024-05-27
ALCIDES CALLIZAYA;9;38;2024-05-27
ANDREEA_MIHAELA MUELA;3;32;2024-05-27
GERMAN_ALFREDO MALARINO;10;40;2024-05-27
ALEXIS_SEBASTIAN SREBERNIC;10;34;2024-05-27
ASTER CODAS;1;75;2024-05-27
ROSA_PAZ MIRIUCA;3;32;2024-05-27
CINTA_MARIA WATLE;1;31;2024-05-27
SZABOLCS EZQUERRA;2;16;2024-05-27
CLAUDIO_ROBERTO RASSO;2;36;2024-05-27
JESUS_ENRIQUE DELSAUC;10;21;2024-05-27
EUFEMIA_MARIA RIZZONELLI;3;37;2024-05-27
CESAR_DARIO PUERTAS;8;20;2024-05-27
JOANNA_ELIZABETH PAVAN;5;20;2024-05-27
MARIA_ARES VALENTA;1;34;2024-05-27
MARIA_ANJOS MACMONY;2;18;2024-05-27
SUSANA_GUADALUPE TAURINO;10;23;2024-05-27
ADAY_DAVID HYRKA;2;24;2024-05-27
NDIAYE SCHALLER;9;25;2024-05-27
FAUZI AIRES;2;17;2024-05-27
FARIDE GABEGUI;10;18;2024-05-27
IZARBE DELPUX;4;57;2024-05-27
MARIUS_CRISTINEL HOGNADEL;8;16;2024-05-27
ANTONIO_ANGEL GUNTSCHE;7;21;2024-05-27
RAQUEL_ELENA ANFUSO;1;16;2024-05-27
IKER_UNAI PETRUCCI;1;19;2024-05-27
CARMELO_RAFAEL MOLLER;8;26;2024-05-27
ANNA_ALEXANDRA VAQUERO;2;25;2024-05-27
SERGIO_MAURICIO MINOLFI;2;30;2024-05-27
KARLA_DANIELA MIYASHIRO;1;53;2024-05-27
CONSUELO_ESTHER DOMENELLA;3;20;2024-05-27
KATHERINE_ISABEL ZABALETT;6;34;2024-05-27
ENRIQUETA_ISABEL LEUZI;1;26;2024-05-27
PINO_MARIA SIGAL;7;20;2024-05-27
HECTOR_RAUL HRUBIK;9;32;2024-05-27
AYNARA CURTTO;3;23;2024-05-27
VITORIA THIES;4;17;2024-05-27
JOHNSON ZAFARANA;7;33;2024-05-27
DOLORES_LUISA SASSO;5;39;2024-05-27
RABIAA LATORRE;2;30;2024-05-27
SERGIO_DARIO CORTEZ;5;19;2024-05-27
ALVARO_JULIO SALDIA;3;19;2024-05-27
NANCY_LUCIA ESCONJAUREGUI;7;74;2024-05-27
JUAN_PIO G칲ERTA;2;18;2024-05-27
GEMMA_ANGELES PRAMPARO;3;37;2024-05-27
BAYANE TAMA침O;3;23;2024-05-27
GABRIELA_ANTONIA VERONESE;4;20;2024-05-27
OSCAR_EFREN BEQUIS;4;17;2024-05-27
PABLO_VALENTIN NECOCHEA;6;19;2024-05-27
YANINA_VANESA PISTO;1;25;2024-05-27
SEBASTIAN_CARLOS REALES;9;16;2024-05-27
RUBEN_CARLOS MARQUETTI;6;35;2024-05-27
XIMENA_MARIA DE_MORA;4;24;2024-05-27
MONICA_AMPARO CANDIDO;10;39;2024-05-27
DAMASO_MANUEL BATALLES;1;17;2024-05-27
ANCA_ANDREEA PENEN;5;20;2024-05-27
JIAJUN PULLANO;8;36;2024-05-27
RITA_VANESA CID;3;32;2024-05-27
ROSA_MARIANA BETTIC;4;24;2024-05-27
IDRIS LE_PERA;2;30;2024-05-27
SEGUNDO_FABIAN MICHELOUD;5;35;2024-05-27
PEDRO_ANDRES IREBA;3;21;2024-05-27
ONISIM BAIROS;2;31;2024-05-27
BEATRIZ_PATRICIA TROMBOTTO;4;18;2024-05-27
GEORGETA_MARIA PE침AHERRERA;3;16;2024-05-27
JOSUE_ANDRES FOIGELMAN;8;23;2024-05-27
MAGALY_ROCIO LOMBARDI;5;28;2024-05-27
EMILIO_GABRIEL FILIPOVICH;2;25;2024-05-27
EMILIA_ELENA DES;9;79;2024-05-27
ROCIO_NIEVES SOLLIVEN;2;18;2024-05-27
NING PUEBLAS;3;32;2024-05-27
KHAMIS ESQUENAZI;6;22;2024-05-27
ANDRES_SEBASTIAN VISICH;8;32;2024-05-27
GILBERTO_ANTONIO BATTIATO;4;26;2024-05-27
IGNACIO_FELIPE LIBRICI;5;37;2024-05-27
JING_JING MASTROIANNI;4;75;2024-05-27
ALEXANDRA_CAROLINA TIRADO;2;22;2024-05-27
PHILOMENA BERGAMI;4;23;2024-05-27
RAFAEL_LUIS SIRIANNI;2;39;2024-05-27
XIAOJUN LAVORANTE;3;33;2024-05-27
AMADO_JOSE BELDI;2;20;2024-05-27
ABDOU_SALAM DAVALO;1;37;2024-05-27
SUKHDEEP PESTONI;2;36;2024-05-27
TOMISLAV DE_LA_BARRA;4;27;2024-05-27
ANGELA_NATIVIDAD MARCO;4;31;2024-05-27
MERAB CIDRE;10;26;2024-05-27
FRANCISCA_ASIS LARREA;10;16;2024-05-27
CHARLES_WILLIAM VALCHEFF;3;58;2024-05-27
MARIUS_NICUSOR CHEJOLAN;2;32;2024-05-27
JUAN_JAIME DIGLIODO;3;22;2024-05-27
TRINIDAD_ANGELES BIGONGIARI;3;83;2024-05-27
LUISA_ANTONIA GRACIOSI;9;39;2024-05-27
IVAN_EMILIO MONGILARDI;3;21;2024-05-27
JUAN_PINO CANCHE;9;21;2024-05-27
PEDRO_SALVADOR LAVINIA;6;17;2024-05-27
LUIS_ARSENIO MANGIONI;3;23;2024-05-27
GABRIEL_FELIPE BEALE;4;48;2024-05-27
GERD EIS;2;25;2024-05-27
MEINA BOICHUK;2;19;2024-05-27
VIVIANA_GABRIELA LARRABURU;3;26;2024-05-27
EDENIA SIRPA;2;32;2024-05-27
ANTONIO_BAUTISTA ESPINOZA;6;21;2024-05-27
JIANXIAO CAMPESSI;5;21;2024-05-27
LUISA_ALEJANDRA FONTANALS;9;30;2024-05-27
GLADYS_MARGOT MOLDES;5;22;2024-05-27
PERRY KOLLY;8;20;2024-05-27
BOGDAN_ION BARALES;1;22;2024-05-27
XIAOLE BELLEZZE;3;21;2024-05-27
SOULAIMAN BRAJER;3;28;2024-05-27
SACHA MENSCHING;2;23;2024-05-27
LUIS_JOEL BERDUC;5;51;2024-05-27
GICA VELAZCO;9;27;2024-05-27
JOHN_SEBASTIAN DOROLA;8;40;2024-05-27
VICENTE ESPERGUIN;7;29;2024-05-27
JORN GUENCHUR;3;25;2024-05-27
CENAIDA CORRIHUAL;6;18;2024-05-27
ABDELOUAFI RODOLICO;3;20;2024-05-27
REDOSINDA RIASCOS;5;45;2024-05-27
MARIA_ARAN DELLAPITTIMA;1;37;2024-05-27
IRENE_PILAR GOLBERT;2;19;2024-05-27
FATIMA_EZZAHRAA FOLGAR;4;20;2024-05-27
DANIEL_YERAY SANJURJO;9;25;2024-05-27
SAVINA IMIZCOZ;4;23;2024-05-27
BRUNO_FILIPE BRIGATO;4;74;2024-05-27
ESTANIS STAMPONI;1;22;2024-05-27
MARIA_MILENA CASCALLARES;5;20;2024-05-27
MAGDALENA_MARGARITA SAURE;9;33;2024-05-27
DANDAN MURIONDO;5;16;2024-05-27
BA ELIZONDO;2;20;2024-05-27
DUMITRU_MARIUS MUSSA;6;32;2024-05-27
DORI PAPILLO;1;29;2024-05-27
GURAM BURRI;5;16;2024-05-27
OCTAVIO_ENRIQUE VLACHOFF;9;24;2024-05-27
SHOUKAT CORRALES;8;30;2024-05-27
CARLOS_XAVIER OCSACHOQUE;5;31;2024-05-27
ALLA NIZ;1;20;2024-05-27
ZIYU CURIEL;9;18;2024-05-27
ZHAO ARROYO;9;18;2024-05-27
JORGE_ALONSO GRIGORIADIS;3;16;2024-05-27
EDWIN_JOSE DORGAN;3;34;2024-05-27
MICHAEL_WILLIAM BAJALE;8;25;2024-05-27
CARMELO_ANTONIO CABA침EZ;4;29;2024-05-27
NURIA_LORENA BELA;1;20;2024-05-27
MOULAY_DRISS FONZALIDAS;1;18;2024-05-27
ALEJANDRO_ALBERTO MANGANARO;9;17;2024-05-27
VENERA CARNINO;6;16;2024-05-27
FERAS OROPEZA;5;36;2024-05-27
SHAILA CUNHA;7;20;2024-05-27
MERCEDES_LOURDES TRUTALLI;2;38;2024-05-27
PETAR_IVANOV CHIARASTELLA;2;16;2024-05-27
DANIELA_MARINA CASILLAS;3;21;2024-05-27
JORDI_ALBERT PERTICONE;8;19;2024-05-27
FERMIN_FRANCISCO KACHUK;9;20;2024-05-27
DANIEL_HERNAN CAMBLOR;2;37;2024-05-27
NELIDA_ISABEL ESCARBAJAL;1;36;2024-05-27
SOUMEYA SISTI;8;25;2024-05-27
MIGUEL_CLEMENTE CASUCELLI;8;30;2024-05-27
MARGARET_ELAINE DEL_ZOPPO;7;25;2024-05-27
MARTA_NURIA ANGEHRN;7;28;2024-05-27
JENNY_ESTHER ALBOHER;5;52;2024-05-27
TIM SALES;6;21;2024-05-27
DANIELA_CLAUDIA AZZIANI;10;24;2024-05-27
MARCIA_ISABEL JIMENES;2;17;2024-05-27
PAULA_NEREA VEUTHEY;2;28;2024-05-27
MARIA_MIRABELA CABA;3;28;2024-05-27
LINA_ROSA SUASNAVAR;5;20;2024-05-27
EGIDIO DI_GERONIMO;1;32;2024-05-27
AITOR_ALEXANDER DOGLIOLI;8;19;2024-05-27
MADALIN_GABRIEL LACABANA;5;31;2024-05-27
LUIS_GABRIEL ZAMBRANO;2;61;2024-05-27
ZONIA MUTIO;5;24;2024-05-27
NICOLAS_DANIEL STAFFORINI;5;33;2024-05-27
JESSICA_ANNE LO;1;34;2024-05-27
ANNA_EWA ROAD;2;38;2024-05-27
ERYK REGALIA;3;20;2024-05-27
ANA_IOANA YORI;3;22;2024-05-27
JOSE_GILBERTO BECK;10;28;2024-05-27
HRISTINA PULEIO;1;22;2024-05-27
ROMINA_ELIZABETH MORANDI;8;17;2024-05-27
FELIPE_JULIAN BIASSINI;1;40;2024-05-27
LAURA_ANALIA BUSETTO;5;40;2024-05-27
ERICK_MAURICIO BOVO;4;25;2024-05-27
FERMIN_MANUEL HARUT;2;18;2024-05-27
JULIANA_MERCEDES DI_BIAGGI;2;32;2024-05-27
MOMNA DURIGUTTI;4;37;2024-05-27
CLETO MANCO;10;82;2024-05-27
AVELINO_ANTONIO CORNU;6;22;2024-05-27
ISABEL_CONSUELO GUAGLIANONE;2;29;2024-05-27
JOEL_LUIS EMMA;3;22;2024-05-27
RIME CANSINA;9;29;2024-05-27
JANETTE GUDELL;7;21;2024-05-27
ALEXANDRA_MARIANA CATHALINAT;10;32;2024-05-27
BLANCA_GEMA FRASCADOR;4;33;2024-05-27
KASPER CASADIDIO;5;37;2024-05-27
BUCHRA DELCONTE;7;33;2024-05-27
FRANCISCO_MOISES BUISSON;8;26;2024-05-27
SILVIA_MIHAELA ALEGRET;8;26;2024-05-27
JOSE_CAMILO CUTAC;2;29;2024-05-27
MARIA_REGINA SAGRISTANI;8;16;2024-05-27
ADRIAN_SALVADOR ZEGARELLI;8;39;2024-05-27
CELSO_JOSE HADIDA;6;77;2024-05-27
EMILIA_AMPARO BETHENCOURT;5;18;2024-05-27
DIANA_ELIZABETH NOLLER;1;34;2024-05-27
TORCUATO_MANUEL URTUBI;2;17;2024-05-27
ADEODATO LINDNER;5;30;2024-05-27
LUZ_AURORA ARICHA;3;36;2024-05-27
LAKBIRA DI_BIASSI;7;16;2024-05-27
MARIA_IRMA LEYVA;8;27;2024-05-27
JOHN_DANIEL SISTERNA;3;18;2024-05-27
EVA STAFFORINI;2;31;2024-05-27
SOCRATES MELENDEZ;2;52;2024-05-27
RONALD_ENRIQUE DIDYK;7;22;2024-05-27
ALEJANDRO_ESTEBAN ROTOLO;2;21;2024-05-27
ANGIE_PAOLA WELSCH;1;22;2024-05-27
MARIA_ANCA TVARDOUSKY;5;34;2024-05-27
JULIAN_AGUSTIN JACOBO;3;81;2024-05-27
JEISSON BARBARA;2;21;2024-05-27
ZENON LOMBARDI;3;34;2024-05-27
NICOLAS_PIERRE PANNACE;8;28;2024-05-27
ABELINO AIBAR;1;17;2024-05-27
PAULO_ANDRES COUZO;6;40;2024-05-27
DEEPAK BAREIRO;2;16;2024-05-27
EILA BUZZI;9;18;2024-05-27
CAPILLA HANSEN;8;36;2024-05-27
ANTONIO_ELOY DE_TOFFOL;4;32;2024-05-27
MILTON_PATRICIO BRANDOLIN;7;23;2024-05-27
SHANDRA VILLCA;5;64;2024-05-27
NARELLA 칌A침IZ;1;27;2024-05-27
SONSOLES_MARIA ECHEVERRI;7;31;2024-05-27
CLAUDIA_INES ADRIEL;8;66;2024-05-27
MILCHO BIORIZA;7;36;2024-05-27
ALEXANDRA_JACQUELINE HOFFERLEN;7;24;2024-05-27
ROSA_MIRIAN BRACO;1;23;2024-05-27
JUNKAI BARDUIL;4;24;2024-05-27
SHAILA TAGUA;4;16;2024-05-27
CLAUDIA_JUDITH SOL;2;22;2024-05-27
EUMELIA REDIGONDA;1;18;2024-05-27
RIBANA MI침AN;1;28;2024-05-27
MARCELINO_PEDRO BIFFE;2;31;2024-05-27
VITALINO STENBERG;10;23;2024-05-27
JUAN_ALVARO SERON;2;18;2024-05-27
MADEMBA VIDAL;5;43;2024-05-27
MATEA MAIONE;6;31;2024-05-27
KIRILKA MORINIGO;4;28;2024-05-27
ANDREI_ALEXANDRU VALERA;4;18;2024-05-27
GLORIA_MILAGROS EVANGELISTA;7;17;2024-05-27
IOANA_MARIA KOENIG;6;39;2024-05-27
ANTONELLO SCHULZ;9;20;2024-05-27
DIANA_MARIA MOVER;3;16;2024-05-27
SILVIA_ESPERANZA LARRE;3;23;2024-05-27
ALEXANDRU_ION CONICELLI;7;32;2024-05-27
WILMAR_ANDRES ABITBOL;2;28;2024-05-27
MARIA_TRANSITO PANE;8;30;2024-05-27
GABRIEL_VALENTIN OLLER;8;40;2024-05-27
AGUSTIN_RAMON LEYTON;3;36;2024-05-27
SOURIA RAGALLI;9;25;2024-05-27
ANTONIA_GEMA FREZETTI;7;20;2024-05-27
CLAUDIO TILL;5;18;2024-05-27
SECUNDINO_JOSE SILPITUCA;10;17;2024-05-27
MERCEDES_REYES ZAMORANO;8;24;2024-05-27
MARIA_MAGDALENA MASHAD;9;17;2024-05-27
DARIO CARAVAJAL;3;19;2024-05-27
FABIAN_DARIO QUI침ONE;3;19;2024-05-27
JUSTO_VICENTE YUGAN;1;31;2024-05-27
NORMA_ISABEL BUGNER;3;37;2024-05-27
DANIELA_MARGARITA SANTANSIERO;8;16;2024-05-27
AKASHDEEP ALMEDA;8;16;2024-05-27
HUANPING COQUERO;1;18;2024-05-27
MARIA_ELIZABETH ALZOGARAY;10;25;2024-05-27
OSCAR_RODOLFO RASELLO;5;24;2024-05-27
SARA_ANDREA SIROTKO;2;68;2024-05-27
SALLY_ELIZABETH MURUZETA;5;34;2024-05-27
ADRIAN_JUAN OSA;3;25;2024-05-27
CRISTIN PASCUET;4;22;2024-05-27
ANNA_ZOFIA ALAGASTIN;4;18;2024-05-27
AMALIA_JOSE VALLORI;8;23;2024-05-27
VIRGINIA_PATRICIA CARAVETTA;4;27;2024-05-27
ROUMAISA DIEDRICH;7;30;2024-05-27
ILIAS IANNI;4;26;2024-05-27
ANGELINA SAHARREA;10;16;2024-05-27
MARIO_ALFREDO RONDAL;3;28;2024-05-27
ILEANA_MARIA VOSA;3;84;2024-05-27
JOSE_CLAUDIO LOHAIZA;2;16;2024-05-27
SONIA_LEONOR KOPRIVA;9;46;2024-05-27
GONZALO_NICOLAS HILARIO;9;24;2024-05-27
MADAI CATTAINO;2;39;2024-05-27
ELENA_RODICA DORTO;5;17;2024-05-27
VASILICA LABARBA;1;25;2024-05-27
MARIA_CARMEN_LUISA ETCHECHOURY;6;27;2024-05-27
LUCELIA MALUENDA;5;22;2024-05-27
ELIZABETH_VERONICA CANALES;2;78;2024-05-27
MANUEL_PERFECTO SGALIA;9;20;2024-05-27
NICCOLO FABAZ;4;36;2024-05-27
TERESA_INMACULADA SANABRIA;9;39;2024-05-27
EVERTON ESCUDERO;4;74;2024-05-27
JESUS_ALBINO MARTINO;6;69;2024-05-27
FOUZI CANORI;5;26;2024-05-27
ROMAISSA TORRA;3;18;2024-05-27
WENJUAN BALDASSA;4;20;2024-05-27
LUIS_VIDAL GUATTINI;2;22;2024-05-27
HADES MARIA;9;38;2024-05-27
EMILIO_GREGORIO SPARECHE;7;24;2024-05-27
KAVITA HERMOSILLA;6;30;2024-05-27
PABLO_GERARDO JAUREGUI;2;19;2024-05-27
RAFAEL_GUSTAVO MANFRINO;6;25;2024-05-27
ISABEL_ENCARNACION SANTUCHI;6;36;2024-05-27
LAHASEN CAVACINI;4;17;2024-05-27
RANIM VIGGIANO;5;38;2024-05-27
JOSE_HERNANDO DUTHIL;2;22;2024-05-27
PAULO_EDUARDO BUCCHERI;6;38;2024-05-27
AMPARO_ENCARNACION ROGERO;1;30;2024-05-27
MANUEL_PASCUAL RIGOLI;3;78;2024-05-27
IONELA_FLORINA PAINENAO;2;85;2024-05-27
DAVID_PATRICK ESTOUP;8;22;2024-05-27
EVANGELISTA PERIBA침EZ;8;28;2024-05-27
VICTOR_OMAR LLAVER;2;25;2024-05-27
MARIA_UJUE PELAIA;3;16;2024-05-27
ANGELA_JULIANA ORIA;5;34;2024-05-27
ELSITA CUILLIERE;4;27;2024-05-27
MARIA_CARRASCA CARIGNANO;2;31;2024-05-27
HOLGER COLETTI;2;25;2024-05-27
CRISTINA_AURORA DOUTON;4;16;2024-05-27
LUIS_CECILIO LIBER;6;23;2024-05-27
JANE_ANN VIVEROS;9;73;2024-05-27
MIGUEL_HORACIO SAFFE;1;40;2024-05-27
ANGEL_RUBEN MADZAREVICH;2;24;2024-05-27
UBALDO_JOSE LYNCH;7;81;2024-05-27
HRISTO_IVANOV POLEJ;8;38;2024-05-27
TANIA_ESTHER BONTEMPO;2;26;2024-05-27
LUCILLE BELIERA;6;37;2024-05-27
LAURA_ELISABET BAZZO;3;38;2024-05-27
MARIA_CARMEN_CRISTINA GRAI침O;1;46;2024-05-27
KARLA_BEATRIZ BARRENECHE;9;23;2024-05-27
MARIA_CARMEN_JULIA CISTERNINO;4;21;2024-05-27
JUANA_YOLANDA NILO;3;21;2024-05-27
CATHERINE_MARGARET MONTOUTO;3;39;2024-05-27
SARFARAZ URQUIZA;7;18;2024-05-27
DUNE CARRASCAL;9;25;2024-05-27
TIMOTHY_JAMES ARMOA;7;24;2024-05-27
HANNAH_MARIE BARLOCCO;6;18;2024-05-27
PABLO_ROMAN DOPOSO;3;37;2024-05-27
MARIA_JESSICA RUCCELLA;5;22;2024-05-27
MUZAMMAL CALAMPA;8;32;2024-05-27
RICHARD_ALEJANDRO MARCOLINO;10;30;2024-05-27
MARION PENIZZOTTO;9;35;2024-05-27
JOSE_FERNEY CANAVIDEZ;5;45;2024-05-27
ERLAN CHARTRON;7;22;2024-05-27
GERMAN_ALEJANDRO KASTELIC;2;25;2024-05-27
MARIA_FIDELIA DE_ZARLO;5;25;2024-05-27
JEMAA LONGOBUCCO;10;27;2024-05-27
HONG CARRAZANA;2;16;2024-05-27
PERSIDA SCHROTT;10;32;2024-05-27
NIDA BIGLIA;2;25;2024-05-27
RAFIK CAVINA;8;23;2024-05-27
XIAO DIMITROFF;10;30;2024-05-27
BARALIDES IGARRETA;7;55;2024-05-27
NICOLAE_MARCEL DEZEN;2;35;2024-05-27
DOMINGO_PEDRO HABEGGER;7;22;2024-05-27
ELENA_IZABELA ALUCH;5;25;2024-05-27
NOUR POLOTNIANKA;10;38;2024-05-27
BIANCA_DENISA ROSELLI;1;25;2024-05-27
MARIA_OVIDIA CARRAZAN;4;18;2024-05-27
MARTHA_CECILIA AMORE;10;42;2024-05-27
NATALIA_EUGENIA CARNESSALI;3;32;2024-05-27
ADINA_ANDREEA SAYAVEDRA;4;28;2024-05-27
EUGENIUSZ BRAGHIERI;1;27;2024-05-27
MARIA_LONGINA ESPOILLE;8;31;2024-05-27
ALBERTO_AGUSTIN BENAGLIA;1;19;2024-05-27
ERIKA_DAYANA DI_GIAMBERARDINO;2;35;2024-05-27
MARIANO_JESUS ROGANOVICH;3;23;2024-05-27
ANNA_FRANCESCA OSTHEGUY;5;21;2024-05-27
MONICA_PAZ UMERE;2;29;2024-05-27
JACQUES_ANDRE CANASTO;4;76;2024-05-27
BRYAN_PAUL MABIGLIA;1;36;2024-05-27
JOSE_LUIS_VICENTE GOICOECHEA;10;32;2024-05-27
OVIDIU_DUMITRU ESPEILHAC;7;19;2024-05-27
JOSE_FREDDY OSINSKI;2;17;2024-05-27
CARLOS_ADAN DEPORTE;6;29;2024-05-27
DACIAN MINIERI;6;17;2024-05-27
JORGE_ADRIAN GUSA;3;20;2024-05-27
ALEJANDRA_VICTORIA ANDRONACO;5;16;2024-05-27
EDGAR_MIGUEL SCAVONE;4;16;2024-05-27
DOLORES_YOLANDA DECAILLET;6;28;2024-05-27
BLANCA_DORIS BONORIS;3;26;2024-05-27
CRISTINA_CECILIA CONTIN;10;21;2024-05-27
ROCIO_FRANCISCA ARBURU;7;36;2024-05-27
TOME BERTOIA;5;31;2024-05-27
JORGE_OSWALDO CHAMBYQUE;7;19;2024-05-27
BYRON_ANDRES ECKER;3;17;2024-05-27
ROSA_CECILIA PANAYOTOPLO;6;38;2024-05-27
REIMUNDO PINUER;7;27;2024-05-27
GUOQIANG CHIMENTO;3;24;2024-05-27
DANIEL_ROBERTO HUFSCHMID;8;20;2024-05-27
ROCIO_VICTORIA TSUSHIMA;8;22;2024-05-27
MARIA_VIRGINIA CORREA;3;24;2024-05-27
DARWIN_OMAR SARAVI;3;18;2024-05-27
ROBERT_ARTHUR NAVEIRA;4;40;2024-05-27
JIN BASILE;2;31;2024-05-27
ZAINEB URTIAGA;7;16;2024-05-27
DIMITAR_DIMITROV BLANGIFORTI;8;17;2024-05-27
CATHARINA MATIOLI;1;22;2024-05-27
MANUEL_EDUARDO PORTELA;7;16;2024-05-27
LLUIS_FRANCESC FINOCCHI;1;27;2024-05-27
EMILIO_ALBERTO ROCAMUNDI;10;18;2024-05-27
YESHIKA BOERIS;2;18;2024-05-27
HUGO_ALEXANDER PEREGO;4;25;2024-05-27
ANGUS MOSCARDA;1;25;2024-05-27
MOHAMMED_KARIM BRACHETTI;2;21;2024-05-27
VANESA_NATALIA CANELAS;1;22;2024-05-27
CLAUDIA_YANETH MULAZZANO;4;26;2024-05-27
VERA_MONICA ESCALADA;6;19;2024-05-27
KETEVAN CRUZATE;9;77;2024-05-27
JOSEBA_MIREN ANCAROLA;1;17;2024-05-27
YASINE PASCIUTO;7;22;2024-05-27
GEOFFREY_JOHN PUCCIANO;5;33;2024-05-27
ANDZELIKA RUBI;1;23;2024-05-27
PELAGIO PEDRO;1;33;2024-05-27
MAGELA MARCHIOLO;1;31;2024-05-27
BRYAN_ANDRES RUFFO;2;20;2024-05-27
JANY FAMAR;8;56;2024-05-27
LUISA_ANGELICA PACHAS;2;19;2024-05-27
RICARDO_PABLO OLIVENCIA;1;74;2024-05-27
BENJAMIN_ALEXANDER CICORIO;6;32;2024-05-27
ABIB CANGRO;2;20;2024-05-27
BOI LIOI;6;25;2024-05-27
VIVIANA_ELIZABETH POLVERINI;2;22;2024-05-27
JUANA_LUZ BACU침AN;8;30;2024-05-27
RAMONA FANTONI;5;31;2024-05-27
GREGORIO_JESUS DEGANUTTI;4;36;2024-05-27
